Workbook

Sheet Totales
A1: Año | B1: Socios_totales (miles)
A2: 2009 | B2: 98.865
A3: 2010 | B3: 104.151
A4: 2011 | B4: 107.932
A5: 2012 | B5: 113.691
A6: 2013 | B6: 121.911
A7: 2014 | B7: 129.922
A8: 2015 | B8: 141.043
A9: 2016 | B9: 142.597
A10: 2017 | B10: 160.412
A11: 2018 | B11: 187.41
A12: 2019 | B12: 204.112
A13: 2020 | B13: 209.748
... A17: 2024 | B17: 216.32
A18: 2025

Sheet Desglose por provincia
A1: Año | B1: Barcelona | C1: Girona | D1: Lleida | E1: Tarragona | F1: Total_provincias (miles) | G1: Diferencia vs total (miles)
A2: 2009 | F2: =SUM(B2:E2) | G2: =IFERROR(F2-INDEX(Totales!$B:$B, MATCH(A2, Totales!$A:$A, 0)), "")
A3: 2010 | F3: =SUM(B3:E3) | G3: =IFERROR(F3-INDEX(Totales!$B:$B, MATCH(A3, Totales!$A:$A, 0)), "")
A4: 2011 | F4: =SUM(B4:E4) | G4: =IFERROR(F4-INDEX(Totales!$B:$B, MATCH(A4, Totales!$A:$A, 0)), "")
A5: 2012 | F5: =SUM(B5:E5) | G5: =IFERROR(F5-INDEX(Totales!$B:$B, MATCH(A5, Totales!$A:$A, 0)), "")
A6: 2013 | F6: =SUM(B6:E6) | G6: =IFERROR(F6-INDEX(Totales!$B:$B, MATCH(A6, Totales!$A:$A, 0)), "")
A7: 2014 | F7: =SUM(B7:E7) | G7: =IFERROR(F7-INDEX(Totales!$B:$B, MATCH(A7, Totales!$A:$A, 0)), "")
A8: 2015 | F8: =SUM(B8:E8) | G8: =IFERROR(F8-INDEX(Totales!$B:$B, MATCH(A8, Totales!$A:$A, 0)), "")
A9: 2016 | F9: =SUM(B9:E9) | G9: =IFERROR(F9-INDEX(Totales!$B:$B, MATCH(A9, Totales!$A:$A, 0)), "")
A10: 2017 | F10: =SUM(B10:E10) | G10: =IFERROR(F10-INDEX(Totales!$B:$B, MATCH(A10, Totales!$A:$A, 0)), "")
A11: 2018 | F11: =SUM(B11:E11) | G11: =IFERROR(F11-INDEX(Totales!$B:$B, MATCH(A11, Totales!$A:$A, 0)), "")
A12: 2019 | F12: =SUM(B12:E12) | G12: =IFERROR(F12-INDEX(Totales!$B:$B, MATCH(A12, Totales!$A:$A, 0)), "")
A13: 2020 | F13: =SUM(B13:E13) | G13: =IFERROR(F13-INDEX(Totales!$B:$B, MATCH(A13, Totales!$A:$A, 0)), "")
... A18: 2025 | F18: =SUM(B18:E18) | G18: =IFERROR(F18-INDEX(Totales!$B:$B, MATCH(A18, Totales!$A:$A, 0)), "")

Sheet Instrucciones
A1: Cómo usar este archivo
A3: 1) Rellena las columnas de Barcelona, Girona, Lleida y Tarragona con los socios (en miles) de cada año.
A4: 2) La columna 'Total_provincias (miles)' se calcula automáticamente como la suma por fila.
A5: 3) La columna 'Diferencia vs total (miles)' compara con los totales oficiales de la hoja 'Totales'.
A6: 4) Si prefieres otras provincias, renombra las columnas y añade más si es necesario; las fórmulas se ajustarán si extiendes la suma.
A8: Notas:
A9: • Las cifras están en miles de socios exactamente como en tu tabla.
A10: • 2025 queda en blanco para que lo completes cuando tengas el dato.
